[
    {
        "appoinment_id" : 423,
        "patient_id" : 23,
        "patient_name" : "Pranav S B",
        "age" : 22,
        "sex" : "Male",
        "locality" : "Badlapur",
        "appoinment_time" : "10:40 AM",
        "symptoms" : "Stomach, Headache, Body Pain",
        "video_call_id" : "appoinment_423"
    },
    {
        "appoinment_id" : 424,
        "patient_id" : 24,
        "patient_name" : "Prajwal Pabhu",
        "age" : 22,
        "sex" : "Male",
        "locality" : "Kisoregang",
        "appoinment_time" : "10:50 AM",
        "symptoms" : "Stomach, Vomating, Body Pain",
        "video_call_id" : "appoinment_424"
    }
]
