{
    "patients" : [
        {
            "patient_id" : 423,
            "patient_name" : "Pranav S B",
            "age" : 22,
            "sex" : "Male",
            "locality" : "Badlapur",
            "symptoms" : "Stomach, Headache, Body Pain",
            "video_call_id" : "patient_423"
        },
        {
            "patient_id" : 424,
            "patient_name" : "Prajwal Pabhu",
            "age" : 22,
            "sex" : "Male",
            "locality" : "Kisoregang",
            "symptoms" : "Stomach, Vomating, Body Pain",
            "video_call_id" : "patient_424"
        }
    ]
}
